# forme	lemme	upos	feats	poids
# Couvre De bello Gallico I,1 et un noyau de vocabulaire courant.
# Plusieurs lignes pour une meme forme = plusieurs candidats concurrents.
gallia	Gallia	PROPN	Case=Nom|Number=Sing|Gender=Fem	1.0
galliae	Gallia	PROPN	Case=Gen|Number=Sing|Gender=Fem	1.0
galli	Gallus	PROPN	Case=Nom|Number=Plur|Gender=Masc	1.0
gallos	Gallus	PROPN	Case=Acc|Number=Plur|Gender=Masc	1.0
est	sum	AUX	Tense=Pres|Mood=Ind|Voice=Act|Number=Sing|Person=3	0.62
est	edo	VERB	Tense=Pres|Mood=Ind|Voice=Act|Number=Sing|Person=3	0.38
sunt	sum	AUX	Tense=Pres|Mood=Ind|Voice=Act|Number=Plur|Person=3	1.0
omnis	omnis	ADJ	Case=Nom|Number=Sing|Gender=Fem	0.6
omnis	omnis	ADJ	Case=Gen|Number=Sing	0.4
omnes	omnis	ADJ	Case=Nom|Number=Plur	1.0
omnium	omnis	ADJ	Case=Gen|Number=Plur	1.0
diuisa	diuido	VERB	VerbForm=Part|Tense=Past|Voice=Pass|Case=Nom|Number=Sing|Gender=Fem	1.0
diuidit	diuido	VERB	Tense=Pres|Mood=Ind|Voice=Act|Number=Sing|Person=3	1.0
in	in	ADP	_	1.0
partes	pars	NOUN	Case=Acc|Number=Plur|Gender=Fem	0.6
partes	pars	NOUN	Case=Nom|Number=Plur|Gender=Fem	0.4
partem	pars	NOUN	Case=Acc|Number=Sing|Gender=Fem	1.0
pars	pars	NOUN	Case=Nom|Number=Sing|Gender=Fem	1.0
tres	tres	NUM	Case=Acc|Number=Plur	1.0
quarum	qui	PRON	PronType=Rel|Case=Gen|Number=Plur|Gender=Fem	1.0
unam	unus	NUM	Case=Acc|Number=Sing|Gender=Fem	1.0
una	unus	NUM	Case=Nom|Number=Sing|Gender=Fem	0.7
una	una	ADV	_	0.3
incolunt	incolo	VERB	Tense=Pres|Mood=Ind|Voice=Act|Number=Plur|Person=3	1.0
belgae	Belgae	PROPN	Case=Nom|Number=Plur|Gender=Masc	1.0
belgis	Belgae	PROPN	Case=Abl|Number=Plur|Gender=Masc	1.0
belgarum	Belgae	PROPN	Case=Gen|Number=Plur|Gender=Masc	1.0
aliam	alius	DET	Case=Acc|Number=Sing|Gender=Fem	1.0
aquitani	Aquitani	PROPN	Case=Nom|Number=Plur|Gender=Masc	1.0
aquitanis	Aquitani	PROPN	Case=Abl|Number=Plur|Gender=Masc	1.0
aquitania	Aquitania	PROPN	Case=Nom|Number=Sing|Gender=Fem	1.0
tertiam	tertius	ADJ	Case=Acc|Number=Sing|Gender=Fem	1.0
qui	qui	PRON	PronType=Rel|Case=Nom|Number=Plur|Gender=Masc	0.8
qui	qui	PRON	PronType=Rel|Case=Nom|Number=Sing|Gender=Masc	0.2
quae	qui	PRON	PronType=Rel|Case=Nom|Number=Plur|Gender=Neut	0.5
quae	qui	PRON	PronType=Rel|Case=Nom|Number=Sing|Gender=Fem	0.5
quam	qui	PRON	PronType=Rel|Case=Acc|Number=Sing|Gender=Fem	0.55
quam	quam	ADV	_	0.45
qua	qui	PRON	PronType=Rel|Case=Abl|Number=Sing|Gender=Fem	0.6
qua	qua	ADV	_	0.4
quod	qui	PRON	PronType=Rel|Case=Nom|Number=Sing|Gender=Neut	0.5
quod	quod	SCONJ	_	0.5
quibuscum	qui	PRON	PronType=Rel|Case=Abl|Number=Plur	1.0
ipsorum	ipse	DET	Case=Gen|Number=Plur|Gender=Masc	1.0
ipsi	ipse	DET	Case=Nom|Number=Plur|Gender=Masc	1.0
lingua	lingua	NOUN	Case=Abl|Number=Sing|Gender=Fem	0.55
lingua	lingua	NOUN	Case=Nom|Number=Sing|Gender=Fem	0.45
celtae	Celtae	PROPN	Case=Nom|Number=Plur|Gender=Masc	1.0
nostra	noster	DET	Poss=Yes|Case=Abl|Number=Sing|Gender=Fem	1.0
appellantur	appello	VERB	Tense=Pres|Mood=Ind|Voice=Pass|Number=Plur|Person=3	1.0
hi	hic	DET	PronType=Dem|Case=Nom|Number=Plur|Gender=Masc	1.0
horum	hic	DET	PronType=Dem|Case=Gen|Number=Plur|Gender=Masc	1.0
institutis	institutum	NOUN	Case=Abl|Number=Plur|Gender=Neut	0.7
institutis	instituo	VERB	VerbForm=Part|Tense=Past|Voice=Pass|Case=Abl|Number=Plur	0.3
legibus	lex	NOUN	Case=Abl|Number=Plur|Gender=Fem	1.0
inter	inter	ADP	_	1.0
se	sui	PRON	PronType=Prs|Reflex=Yes|Case=Acc	1.0
differunt	differo	VERB	Tense=Pres|Mood=Ind|Voice=Act|Number=Plur|Person=3	1.0
ab	ab	ADP	_	1.0
a	ab	ADP	_	1.0
garumna	Garumna	PROPN	Case=Nom|Number=Sing|Gender=Fem	0.5
garumna	Garumna	PROPN	Case=Abl|Number=Sing|Gender=Fem	0.5
flumen	flumen	NOUN	Case=Nom|Number=Sing|Gender=Neut	0.5
flumen	flumen	NOUN	Case=Acc|Number=Sing|Gender=Neut	0.5
flumine	flumen	NOUN	Case=Abl|Number=Sing|Gender=Neut	1.0
fluminis	flumen	NOUN	Case=Gen|Number=Sing|Gender=Neut	1.0
matrona	Matrona	PROPN	Case=Nom|Number=Sing|Gender=Fem	1.0
et	et	CCONJ	_	1.0
sequana	Sequana	PROPN	Case=Nom|Number=Sing|Gender=Fem	1.0
sequanis	Sequani	PROPN	Case=Abl|Number=Plur|Gender=Masc	1.0
fortissimi	fortis	ADJ	Degree=Sup|Case=Nom|Number=Plur|Gender=Masc	1.0
propterea	propterea	ADV	_	1.0
cultu	cultus	NOUN	Case=Abl|Number=Sing|Gender=Masc	1.0
atque	atque	CCONJ	_	1.0
humanitate	humanitas	NOUN	Case=Abl|Number=Sing|Gender=Fem	1.0
prouinciae	prouincia	NOUN	Case=Gen|Number=Sing|Gender=Fem	1.0
longissime	longe	ADV	Degree=Sup	1.0
absunt	absum	VERB	Tense=Pres|Mood=Ind|Voice=Act|Number=Plur|Person=3	1.0
minimeque	minime	ADV	Degree=Sup	1.0
minime	minime	ADV	Degree=Sup	1.0
ad	ad	ADP	_	1.0
eos	is	PRON	PronType=Dem|Case=Acc|Number=Plur|Gender=Masc	1.0
eorum	is	PRON	PronType=Dem|Case=Gen|Number=Plur|Gender=Masc	1.0
eam	is	PRON	PronType=Dem|Case=Acc|Number=Sing|Gender=Fem	1.0
ea	is	PRON	PronType=Dem|Case=Nom|Number=Plur|Gender=Neut	0.6
ea	is	PRON	PronType=Dem|Case=Abl|Number=Sing|Gender=Fem	0.4
mercatores	mercator	NOUN	Case=Nom|Number=Plur|Gender=Masc	1.0
saepe	saepe	ADV	_	1.0
commeant	commeo	VERB	Tense=Pres|Mood=Ind|Voice=Act|Number=Plur|Person=3	1.0
effeminandos	effemino	VERB	VerbForm=Gdv|Case=Acc|Number=Plur|Gender=Masc	1.0
animos	animus	NOUN	Case=Acc|Number=Plur|Gender=Masc	1.0
pertinent	pertineo	VERB	Tense=Pres|Mood=Ind|Voice=Act|Number=Plur|Person=3	1.0
pertinet	pertineo	VERB	Tense=Pres|Mood=Ind|Voice=Act|Number=Sing|Person=3	1.0
important	importo	VERB	Tense=Pres|Mood=Ind|Voice=Act|Number=Plur|Person=3	1.0
proximique	proximus	ADJ	Case=Nom|Number=Plur|Gender=Masc	1.0
proximi	proximus	ADJ	Case=Nom|Number=Plur|Gender=Masc	1.0
germanis	Germani	PROPN	Case=Dat|Number=Plur|Gender=Masc	0.5
germanis	Germani	PROPN	Case=Abl|Number=Plur|Gender=Masc	0.5
trans	trans	ADP	_	1.0
rhenum	Rhenus	PROPN	Case=Acc|Number=Sing|Gender=Masc	1.0
rheni	Rhenus	PROPN	Case=Gen|Number=Sing|Gender=Masc	1.0
continenter	continenter	ADV	_	1.0
bellum	bellum	NOUN	Case=Acc|Number=Sing|Gender=Neut	1.0
gerunt	gero	VERB	Tense=Pres|Mood=Ind|Voice=Act|Number=Plur|Person=3	1.0
de	de	ADP	_	1.0
causa	causa	NOUN	Case=Abl|Number=Sing|Gender=Fem	1.0
heluetii	Heluetii	PROPN	Case=Nom|Number=Plur|Gender=Masc	1.0
heluetiis	Heluetii	PROPN	Case=Abl|Number=Plur|Gender=Masc	1.0
quoque	quoque	ADV	_	1.0
reliquos	reliquus	ADJ	Case=Acc|Number=Plur|Gender=Masc	1.0
uirtute	uirtus	NOUN	Case=Abl|Number=Sing|Gender=Fem	1.0
praecedunt	praecedo	VERB	Tense=Pres|Mood=Ind|Voice=Act|Number=Plur|Person=3	1.0
fere	fere	ADV	_	1.0
cotidianis	cotidianus	ADJ	Case=Abl|Number=Plur|Gender=Neut	1.0
proeliis	proelium	NOUN	Case=Abl|Number=Plur|Gender=Neut	1.0
cum	cum	ADP	_	0.55
cum	cum	SCONJ	_	0.45
contendunt	contendo	VERB	Tense=Pres|Mood=Ind|Voice=Act|Number=Plur|Person=3	1.0
aut	aut	CCONJ	_	1.0
suis	suus	DET	Poss=Yes|Case=Abl|Number=Plur	1.0
finibus	finis	NOUN	Case=Abl|Number=Plur|Gender=Masc	1.0
prohibent	prohibeo	VERB	Tense=Pres|Mood=Ind|Voice=Act|Number=Plur|Person=3	1.0
obtinere	obtineo	VERB	VerbForm=Inf|Tense=Pres|Voice=Act	1.0
dictum	dico	VERB	VerbForm=Part|Tense=Past|Voice=Pass|Case=Nom|Number=Sing|Gender=Neut	0.7
dictum	dictum	NOUN	Case=Nom|Number=Sing|Gender=Neut	0.3
initium	initium	NOUN	Case=Acc|Number=Sing|Gender=Neut	1.0
capit	capio	VERB	Tense=Pres|Mood=Ind|Voice=Act|Number=Sing|Person=3	1.0
rhodano	Rhodanus	PROPN	Case=Abl|Number=Sing|Gender=Masc	1.0
continetur	contineo	VERB	Tense=Pres|Mood=Ind|Voice=Pass|Number=Sing|Person=3	1.0
oceano	Oceanus	PROPN	Case=Abl|Number=Sing|Gender=Masc	1.0
oceani	Oceanus	PROPN	Case=Gen|Number=Sing|Gender=Masc	1.0
attingit	attingo	VERB	Tense=Pres|Mood=Ind|Voice=Act|Number=Sing|Person=3	1.0
etiam	etiam	ADV	_	1.0
uergit	uergo	VERB	Tense=Pres|Mood=Ind|Voice=Act|Number=Sing|Person=3	1.0
septentriones	septentrio	NOUN	Case=Acc|Number=Plur|Gender=Masc	1.0
septentrionem	septentrio	NOUN	Case=Acc|Number=Sing|Gender=Masc	1.0
extremis	extremus	ADJ	Case=Abl|Number=Plur	1.0
oriuntur	orior	VERB	Tense=Pres|Mood=Ind|Voice=Pass|Number=Plur|Person=3	1.0
inferiorem	inferus	ADJ	Degree=Cmp|Case=Acc|Number=Sing|Gender=Fem	1.0
spectant	specto	VERB	Tense=Pres|Mood=Ind|Voice=Act|Number=Plur|Person=3	1.0
spectat	specto	VERB	Tense=Pres|Mood=Ind|Voice=Act|Number=Sing|Person=3	1.0
orientem	oriens	NOUN	Case=Acc|Number=Sing|Gender=Masc	1.0
solem	sol	NOUN	Case=Acc|Number=Sing|Gender=Masc	1.0
solis	sol	NOUN	Case=Gen|Number=Sing|Gender=Masc	1.0
pyrenaeos	Pyrenaeus	ADJ	Case=Acc|Number=Plur|Gender=Masc	1.0
montes	mons	NOUN	Case=Acc|Number=Plur|Gender=Masc	1.0
hispaniam	Hispania	PROPN	Case=Acc|Number=Sing|Gender=Fem	1.0
occasum	occasus	NOUN	Case=Acc|Number=Sing|Gender=Masc	1.0
